,rownum,url,title,query,domain
0,1,https://www.kurashiru.com/lists/2cf9bf31-58f6-47d2-8823-a8b12268b01e,キャベツしいたけのレシピ おすすめの30選を紹介,しいたけ キャベツ,www.kurashiru.com
1,2,https://delishkitchen.tv/recipes/347219825501668370,シンプルな味わい♪ しいたけとキャベツのしょうが炒めのレシピ ...,しいたけ キャベツ,delishkitchen.tv
2,3,https://delishkitchen.tv/recipes/349664908406686814,キャベツとしいたけのバター醤油炒め,しいたけ キャベツ,delishkitchen.tv
3,4,https://park.ajinomoto.co.jp/recipe/search/?search_word=%E3%82%AD%E3%83%A3%E3%83%99%E3%83%84+%E3%81%97%E3%81%84%E3%81%9F%E3%81%91,「キャベツ しいたけ」の人気レシピ 44件 - AJINOMOTO PARK,しいたけ キャベツ,park.ajinomoto.co.jp
4,5,https://macaro-ni.jp/116526,冷蔵庫に余ってない？しいたけとキャベツのおすすめレシピ10選,しいたけ キャベツ,macaro-ni.jp
5,6,https://cookpad.com/recipe/2899664,お弁当に★キャベツと椎茸のバター麺つゆ,しいたけ キャベツ,cookpad.com
6,7,https://www.marukome.co.jp/recipe/detail/ekimiso_225/,春キャベツとしいたけのみそ汁｜レシピ,しいたけ キャベツ,www.marukome.co.jp
7,8,https://cookpad.com/search/%E3%81%97%E3%81%84%E3%81%9F%E3%81%91%20%E3%82%AD%E3%83%A3%E3%83%99%E3%83%84,みんなの「しいたけ キャベツ」レシピが5809品 - クックパッド,しいたけ キャベツ,cookpad.com
8,9,https://www.kyounoryouri.jp/search/recipe?keyword=%E3%82%AD%E3%83%A3%E3%83%99%E3%83%84+%E3%81%97%E3%81%84%E3%81%9F%E3%81%91,「キャベツ」「しいたけ」 人気レシピ - みんなのきょうの料理,しいたけ キャベツ,www.kyounoryouri.jp
9,10,https://recipe.rakuten.co.jp/recipe/1900008228/,キャベツとしいたけの塩昆布炒め レシピ・作り方 by fish.on,しいたけ キャベツ,recipe.rakuten.co.jp
10,11,https://oceans-nadia.com/user/20995/recipe/252642,肉なしでも満足＊キャベツとしいたけの卵とじで一汁一菜,しいたけ キャベツ,oceans-nadia.com
11,12,https://recipe-le.com/vegetable/cabbage/recommended-using-cabbage-and-shiitake-mushrooms/cookpad-cabbage-and-shitake-mushrooms,【クックパッド1位】キャベツとしいたけの殿堂入りレシピ人気 ...,しいたけ キャベツ,recipe-le.com
12,13,https://www.lettuceclub.net/recipe/dish/32657/,キャベツとしいたけのカレーポン酢あえのレシピ・作り方【簡単＆ ...,しいたけ キャベツ,www.lettuceclub.net
13,14,https://ameblo.jp/izumimirun/entry-12119263949.html,ひと手間で驚きの味に変わります！ しいたけとキャベツの ...,しいたけ キャベツ,ameblo.jp
14,15,https://www.recipe-blog.jp/profile/313934/recipe/1420769,とっても簡単キャベツとしめじとしいたけ炒め（ヘルシー,しいたけ キャベツ,www.recipe-blog.jp
15,16,https://www.ebarafoods.com/recipe/detail/recipe3838.php,キャベツとしいたけの浅漬け - おいしいレシピ,しいたけ キャベツ,www.ebarafoods.com
16,17,https://www.orangepage.net/recipes/detail_103529,鶏肉だんごとキャベツ、しいたけ、春雨のうま煮,しいたけ キャベツ,www.orangepage.net
17,18,https://oishi-kenko.com/recipes/18884,キャベツとしいたけのコンソメスープ,しいたけ キャベツ,oishi-kenko.com
18,19,https://www.kikkoman.co.jp/homecook/search/recipe/00001056/,しいたけと野菜のかき卵汁のレシピ・つくり方 - キッコーマン,しいたけ キャベツ,www.kikkoman.co.jp
19,20,https://www.mizkan.co.jp/ouchirecipe/recipe/?menu_id=9206,鶏肉とキャベツ・しいたけの春雨酢っぱスープ - ミツカン,しいたけ キャベツ,www.mizkan.co.jp
0,1,https://cookpad.com/search/%E5%91%B3%E5%99%8C%E3%82%B9%E3%83%BC%E3%83%97,みんなの「味噌スープ」レシピが2659品,味噌 スープ,cookpad.com
1,2,https://oceans-nadia.com/user/22780/recipe/241192,お鍋で3分♪『もやしのうま辛♡スタミナ味噌スープ』,味噌 スープ,oceans-nadia.com
2,3,https://park.ajinomoto.co.jp/recipe/search/?search_word=%E3%81%BF%E3%81%9D+%E3%82%B9%E3%83%BC%E3%83%97,「みそ スープ」の人気レシピ 82件 - AJINOMOTO PARK,味噌 スープ,park.ajinomoto.co.jp
3,4,https://recipe.rakuten.co.jp/word/%E5%91%B3%E5%99%8C%E3%82%B9%E3%83%BC%E3%83%97/,味噌スープレシピ・作り方の人気順,味噌 スープ,recipe.rakuten.co.jp
4,5,https://www.kurashiru.com/lists/2bcbf316-e3ae-4b13-839a-2365ad21a4c5?page=3,味噌スープのレシピ おすすめの30選を紹介(3ページ目),味噌 スープ,www.kurashiru.com
5,6,https://www.e-umeya.com/recipe/recipedetail/consommemisosoup,コンソメ味噌スープレシピ 梅屋の簡単レシピ,味噌 スープ,www.e-umeya.com
6,7,https://www.marukome.co.jp/list/%E7%89%9B%E4%B9%B3-%E5%91%B3%E5%99%8C-%E3%82%B9%E3%83%BC%E3%83%97/,牛乳 味噌 スープ - 14 件の検索結果,味噌 スープ,www.marukome.co.jp
7,8,https://www.maff.go.jp/j/seisan/kakou/mezamasi/recipe/recipe283.html,具だくさん味噌スープ,味噌 スープ,www.maff.go.jp
8,9,https://www.shokudepo.com/shop/g/g3131907/,【業務用】創味食品 味噌ラーメンスープデラックス 2kg,味噌 スープ,www.shokudepo.com
9,10,https://delishkitchen.tv/recipes/179768339470483878,みそ風味で温まる♪ ニラのごま味噌スープのレシピ動画・作り方,味噌 スープ,delishkitchen.tv
10,11,https://life.ja-group.jp/recipe/detail?id=3572,青ネギとしめじの中華風味噌スープ｜旬を味わう（お手軽レシピ）,味噌 スープ,life.ja-group.jp
11,12,https://www.hikarimiso.co.jp/products/list/cat-007/,スープ | ひかり味噌株式会社,味噌 スープ,www.hikarimiso.co.jp
12,13,https://honda-miso.shop-pro.jp/?pid=167688118,西京白みそスープ（アソート3食） - 本田味噌本店オンライン ...,味噌 スープ,honda-miso.shop-pro.jp
13,14,https://www.natumedica.jp/shopdetail/000000000231/,デリシャス プロテイン 味噌スープ,味噌 スープ,www.natumedica.jp
14,15,https://www.kanekoseimen.co.jp/product/3832,無添加味噌スープ,味噌 スープ,www.kanekoseimen.co.jp
15,16,https://www.amazon.co.jp/%E3%83%9E%E3%83%AB%E3%82%B3%E3%83%A1-%E3%81%9F%E3%81%BE%E3%81%AD%E3%81%8E%E3%81%BF%E3%81%9D%E3%82%AF%E3%83%AA%E3%83%BC%E3%83%A0%E3%82%B9%E3%83%BC%E3%83%97-20%E9%A3%9F/dp/B0886NP1PY,マルコメ たまねぎみそクリームスープ 20食,味噌 スープ,www.amazon.co.jp
16,17,https://prtimes.jp/main/html/rd/p/000000001.000101989.html,オリジナル生みそスープが楽しめる「MISONOMI Cafe」、7/30 ...,味噌 スープ,prtimes.jp
17,18,https://www.ramen.jp/shop/%E3%81%99%E3%81%BF%E3%82%8C%E3%80%80%E5%91%B3%E5%99%8C%E3%82%B9%E3%83%BC%E3%83%971%E9%A3%9F/item600/,すみれ 味噌スープ1食｜商品,味噌 スープ,www.ramen.jp
18,19,https://tamachanshop.jp/online/201612/2422,三十雑穀スープシリーズ | タマチャンショップ 公式オンラインストア,味噌 スープ,tamachanshop.jp
19,20,https://www.tsurigane.com/item/4972806001481/,スープで食べる白石温麺 仙台味噌スープ付 つりがね ...,味噌 スープ,www.tsurigane.com
